1,15:34:56,0,1,2,3,4
2,15:34:56,0,1,2,3,4
3,15:34:56,0,1,2,3,4
4,15:34:56,0,1,2,3,4
5,15:34:56,0,1,2,3,4
6,15:34:56,0,1,2,3,4
7,15:34:56,0,1,2,3,4
8,15:34:56,0,1,2,3,4
9,15:34:56,0,1,2,3,4
10,15:34:56,0,1,2,3,4
11,15:34:56,0,1,2,3,4
12,15:34:56,0,1,2,3,4
13,15:34:56,0,1,2,3,4
14,15:34:56,0,1,2,3,4
15,15:34:56,0,1,2,3,4
16,15:34:56,0,1,2,3,4
17,15:34:56,0,1,2,3,4
18,15:34:56,0,1,2,3,4
19,15:34:57,0,1,2,3,4
20,15:34:57,0,1,2,3,4
21,15:34:57,0,1,2,3,4
22,15:34:57,0,1,2,3,4
23,15:34:57,0,1,2,3,4
24,15:34:57,0,1,2,3,4
25,15:34:57,0,1,2,3,4
26,15:34:57,0,1,2,3,4
27,15:34:57,0,1,2,3,4
28,15:34:57,0,1,2,3,4
29,15:34:57,0,1,2,3,4
30,15:34:57,0,1,2,3,4
31,15:34:57,0,1,2,3,4
32,15:34:57,0,1,2,3,4
33,15:34:57,0,1,2,3,4
34,15:34:57,0,1,2,3,4
35,15:34:57,0,1,2,3,4
36,15:34:57,0,1,2,3,4
37,15:34:57,0,1,2,3,4
38,15:34:57,0,1,2,3,4
39,15:34:57,0,1,2,3,4
40,15:34:58,0,1,2,3,4
41,15:34:58,0,1,2,3,4
42,15:34:58,0,1,2,3,4
43,15:34:58,0,1,2,3,4
44,15:34:58,0,1,2,3,4
45,15:34:58,0,1,2,3,4
46,15:34:58,0,1,2,3,4
47,15:34:58,0,1,2,3,4
48,15:34:58,0,1,2,3,4
49,15:34:58,0,1,2,3,4
50,15:34:58,0,1,2,3,4
51,15:34:58,0,1,2,3,4
52,15:34:58,0,1,2,3,4
53,15:34:58,0,1,2,3,4
54,15:34:58,0,1,2,3,4
55,15:34:58,0,1,2,3,4
56,15:34:58,0,1,2,3,4
57,15:34:58,0,1,2,3,4
58,15:34:58,0,1,2,3,4
59,15:34:58,0,1,2,3,4
60,15:34:58,0,1,2,3,4
61,15:34:59,0,1,2,3,4
62,15:34:59,0,1,2,3,4
63,15:34:59,0,1,2,3,4
64,15:34:59,0,1,2,3,4
65,15:34:59,0,1,2,3,4
66,15:34:59,0,1,2,3,4
67,15:34:59,0,1,2,3,4
68,15:34:59,0,1,2,3,4
69,15:34:59,0,1,2,3,4
70,15:34:59,0,1,2,3,4
71,15:34:59,0,1,2,3,4
72,15:34:59,0,1,2,3,4
73,15:34:59,0,1,2,3,4
74,15:34:59,0,1,2,3,4
75,15:34:59,0,1,2,3,4
76,15:34:59,0,1,2,3,4
77,15:34:59,0,1,2,3,4
78,15:34:59,0,1,2,3,4
79,15:34:59,0,1,2,3,4
80,15:34:59,0,1,2,3,4
81,15:34:59,0,1,2,3,4
82,15:35:00,0,1,2,3,4
83,15:35:00,0,1,2,3,4
84,15:35:00,0,1,2,3,4
85,15:35:00,0,1,2,3,4
86,15:35:00,0,1,2,3,4
87,15:35:00,0,1,2,3,4
88,15:35:00,0,1,2,3,4
89,15:35:00,0,1,2,3,4
90,15:35:00,0,1,2,3,4
91,15:35:00,0,1,2,3,4
92,15:35:00,0,1,2,3,4
93,15:35:00,0,1,2,3,4
94,15:35:00,0,1,2,3,4
95,15:35:00,0,1,2,3,4
96,15:35:00,0,1,2,3,4
97,15:35:00,0,1,2,3,4
98,15:35:00,0,1,2,3,4
99,15:35:00,0,1,2,3,4
100,15:35:00,0,1,2,3,4
101,15:35:00,0,1,2,3,4
102,15:35:00,0,1,2,3,4
103,15:35:01,0,1,2,3,4
104,15:35:01,0,1,2,3,4
105,15:35:01,0,1,2,3,4
106,15:35:01,0,1,2,3,4
107,15:35:01,0,1,2,3,4
108,15:35:01,0,1,2,3,4
109,15:35:01,0,1,2,3,4
110,15:35:01,0,1,2,3,4
111,15:35:01,0,1,2,3,4
112,15:35:01,0,1,2,3,4
113,15:35:01,0,1,2,3,4
114,15:35:01,0,1,2,3,4
115,15:35:01,0,1,2,3,4
116,15:35:01,0,1,2,3,4
117,15:35:01,0,1,2,3,4
118,15:35:01,0,1,2,3,4
119,15:35:01,0,1,2,3,4
120,15:35:01,0,1,2,3,4
121,15:35:01,0,1,2,3,4
122,15:35:01,0,1,2,3,4
123,15:35:01,0,1,2,3,4
124,15:35:02,0,1,2,3,4
125,15:35:02,0,1,2,3,4
126,15:35:02,0,1,2,3,4
127,15:35:02,0,1,2,3,4
128,15:35:02,0,1,2,3,4
129,15:35:02,0,1,2,3,4
130,15:35:02,0,1,2,3,4
131,15:35:02,0,1,2,3,4
132,15:35:02,0,1,2,3,4
133,15:35:02,0,1,2,3,4
134,15:35:02,0,1,2,3,4
135,15:35:02,0,1,2,3,4
136,15:35:02,0,1,2,3,4
137,15:35:02,0,1,2,3,4
138,15:35:02,0,1,2,3,4
139,15:35:02,0,1,2,3,4
140,15:35:02,0,1,2,3,4
141,15:35:02,0,1,2,3,4
142,15:35:02,0,1,2,3,4
143,15:35:02,0,1,2,3,4
144,15:35:02,0,1,2,3,4
145,15:35:03,0,1,2,3,4
146,15:35:03,0,1,2,3,4
147,15:35:03,0,1,2,3,4
148,15:35:03,0,1,2,3,4
149,15:35:03,0,1,2,3,4
150,15:35:03,0,1,2,3,4
151,15:35:03,0,1,2,3,4
152,15:35:03,0,1,2,3,4
153,15:35:03,0,1,2,3,4
154,15:35:03,0,1,2,3,4
155,15:35:03,0,1,2,3,4
156,15:35:03,0,1,2,3,4
157,15:35:03,0,1,2,3,4
158,15:35:03,0,1,2,3,4
159,15:35:03,0,1,2,3,4
160,15:35:03,0,1,2,3,4
161,15:35:03,0,1,2,3,4
162,15:35:03,0,1,2,3,4
163,15:35:03,0,1,2,3,4
164,15:35:03,0,1,2,3,4
165,15:35:03,0,1,2,3,4
166,15:35:03,0,1,2,3,4
167,15:35:04,0,1,2,3,4
168,15:35:04,0,1,2,3,4
169,15:35:04,0,1,2,3,4
170,15:35:04,0,1,2,3,4
171,15:35:04,0,1,2,3,4
172,15:35:04,0,1,2,3,4
173,15:35:04,0,1,2,3,4
174,15:35:04,0,1,2,3,4
175,15:35:04,0,1,2,3,4
176,15:35:04,0,1,2,3,4
177,15:35:04,0,1,2,3,4
178,15:35:04,0,1,2,3,4
179,15:35:04,0,1,2,3,4
180,15:35:04,0,1,2,3,4
181,15:35:04,0,1,2,3,4
182,15:35:04,0,1,2,3,4
183,15:35:04,0,1,2,3,4
184,15:35:04,0,1,2,3,4
185,15:35:04,0,1,2,3,4
186,15:35:04,0,1,2,3,4
187,15:35:04,0,1,2,3,4
188,15:35:05,0,1,2,3,4
189,15:35:05,0,1,2,3,4
190,15:35:05,0,1,2,3,4
191,15:35:05,0,1,2,3,4
192,15:35:05,0,1,2,3,4
193,15:35:05,0,1,2,3,4
194,15:35:05,0,1,2,3,4
195,15:35:05,0,1,2,3,4
196,15:35:05,0,1,2,3,4
197,15:35:05,0,1,2,3,4
198,15:35:05,0,1,2,3,4
199,15:35:05,0,1,2,3,4
200,15:35:05,0,1,2,3,4
201,15:35:05,0,1,2,3,4
202,15:35:05,0,1,2,3,4
203,15:35:05,0,1,2,3,4
204,15:35:05,0,1,2,3,4
205,15:35:05,0,1,2,3,4
206,15:35:05,0,1,2,3,4
207,15:35:05,0,1,2,3,4
208,15:35:06,0,1,2,3,4
209,15:35:06,0,1,2,3,4
210,15:35:06,0,1,2,3,4
211,15:35:06,0,1,2,3,4
212,15:35:06,0,1,2,3,4
213,15:35:06,0,1,2,3,4
214,15:35:06,0,1,2,3,4
215,15:35:06,0,1,2,3,4
216,15:35:06,0,1,2,3,4
217,15:35:06,0,1,2,3,4
218,15:35:06,0,1,2,3,4
219,15:35:06,0,1,2,3,4
220,15:35:06,0,1,2,3,4
221,15:35:06,0,1,2,3,4
222,15:35:06,0,1,2,3,4
223,15:35:06,0,1,2,3,4
224,15:35:06,0,1,2,3,4
225,15:35:06,0,1,2,3,4
226,15:35:06,0,1,2,3,4
227,15:35:06,0,1,2,3,4
228,15:35:06,0,1,2,3,4
229,15:35:07,0,1,2,3,4
230,15:35:07,0,1,2,3,4
231,15:35:07,0,1,2,3,4
232,15:35:07,0,1,2,3,4
233,15:35:07,0,1,2,3,4
234,15:35:07,0,1,2,3,4
235,15:35:07,0,1,2,3,4
236,15:35:07,0,1,2,3,4
237,15:35:07,0,1,2,3,4
238,15:35:07,0,1,2,3,4
239,15:35:07,0,1,2,3,4
240,15:35:07,0,1,2,3,4
241,15:35:07,0,1,2,3,4
242,15:35:07,0,1,2,3,4
243,15:35:07,0,1,2,3,4
244,15:35:07,0,1,2,3,4
245,15:35:07,0,1,2,3,4
246,15:35:07,0,1,2,3,4
247,15:35:07,0,1,2,3,4
248,15:35:07,0,1,2,3,4
249,15:35:07,0,1,2,3,4
250,15:35:08,0,1,2,3,4
251,15:35:08,0,1,2,3,4
252,15:35:08,0,1,2,3,4
253,15:35:08,0,1,2,3,4
254,15:35:08,0,1,2,3,4
255,15:35:08,0,1,2,3,4
256,15:35:08,0,1,2,3,4
257,15:35:08,0,1,2,3,4
258,15:35:08,0,1,2,3,4
259,15:35:08,0,1,2,3,4
260,15:35:08,0,1,2,3,4
261,15:35:08,0,1,2,3,4
262,15:35:08,0,1,2,3,4
263,15:35:08,0,1,2,3,4
264,15:35:08,0,1,2,3,4
265,15:35:08,0,1,2,3,4
266,15:35:08,0,1,2,3,4
267,15:35:08,0,1,2,3,4
268,15:35:08,0,1,2,3,4
269,15:35:08,0,1,2,3,4
270,15:35:08,0,1,2,3,4
271,15:35:09,0,1,2,3,4
272,15:35:09,0,1,2,3,4
273,15:35:09,0,1,2,3,4
274,15:35:09,0,1,2,3,4
275,15:35:09,0,1,2,3,4
276,15:35:09,0,1,2,3,4
277,15:35:09,0,1,2,3,4
278,15:35:09,0,1,2,3,4
279,15:35:09,0,1,2,3,4
280,15:35:09,0,1,2,3,4
281,15:35:09,0,1,2,3,4
282,15:35:09,0,1,2,3,4
283,15:35:09,0,1,2,3,4
284,15:35:09,0,1,2,3,4
285,15:35:09,0,1,2,3,4
286,15:35:09,0,1,2,3,4
287,15:35:09,0,1,2,3,4
288,15:35:09,0,1,2,3,4
289,15:35:09,0,1,2,3,4
290,15:35:09,0,1,2,3,4
291,15:35:09,0,1,2,3,4
292,15:35:09,0,1,2,3,4
293,15:35:10,0,1,2,3,4
294,15:35:10,0,1,2,3,4
295,15:35:10,0,1,2,3,4
296,15:35:10,0,1,2,3,4
297,15:35:10,0,1,2,3,4
298,15:35:10,0,1,2,3,4
299,15:35:10,0,1,2,3,4
300,15:35:10,0,1,2,3,4
301,15:35:10,0,1,2,3,4
302,15:35:10,0,1,2,3,4
303,15:35:10,0,1,2,3,4
304,15:35:10,0,1,2,3,4
305,15:35:10,0,1,2,3,4
306,15:35:10,0,1,2,3,4
307,15:35:10,0,1,2,3,4
308,15:35:10,0,1,2,3,4
309,15:35:10,0,1,2,3,4
310,15:35:10,0,1,2,3,4
311,15:35:10,0,1,2,3,4
312,15:35:10,0,1,2,3,4
313,15:35:10,0,1,2,3,4
314,15:35:11,0,1,2,3,4
315,15:35:11,0,1,2,3,4
316,15:35:11,0,1,2,3,4
317,15:35:11,0,1,2,3,4
318,15:35:11,0,1,2,3,4
319,15:35:11,0,1,2,3,4
320,15:35:11,0,1,2,3,4
321,15:35:11,0,1,2,3,4
322,15:35:11,0,1,2,3,4
323,15:35:11,0,1,2,3,4
324,15:35:11,0,1,2,3,4
325,15:35:11,0,1,2,3,4
326,15:35:11,0,1,2,3,4
327,15:35:11,0,1,2,3,4
328,15:35:11,0,1,2,3,4
329,15:35:11,0,1,2,3,4
330,15:35:11,0,1,2,3,4
331,15:35:11,0,1,2,3,4
332,15:35:11,0,1,2,3,4
333,15:35:11,0,1,2,3,4
334,15:35:11,0,1,2,3,4
335,15:35:12,0,1,2,3,4
336,15:35:12,0,1,2,3,4
337,15:35:12,0,1,2,3,4
338,15:35:12,0,1,2,3,4
339,15:35:12,0,1,2,3,4
340,15:35:12,0,1,2,3,4
341,15:35:12,0,1,2,3,4
342,15:35:12,0,1,2,3,4
343,15:35:12,0,1,2,3,4
344,15:35:12,0,1,2,3,4
345,15:35:12,0,1,2,3,4
346,15:35:12,0,1,2,3,4
347,15:35:12,0,1,2,3,4
348,15:35:12,0,1,2,3,4
349,15:35:12,0,1,2,3,4
350,15:35:12,0,1,2,3,4
351,15:35:12,0,1,2,3,4
352,15:35:12,0,1,2,3,4
353,15:35:12,0,1,2,3,4
354,15:35:12,0,1,2,3,4
355,15:35:12,0,1,2,3,4
356,15:35:13,0,1,2,3,4
357,15:35:13,0,1,2,3,4
358,15:35:13,0,1,2,3,4
359,15:35:13,0,1,2,3,4
360,15:35:13,0,1,2,3,4
361,15:35:13,0,1,2,3,4
362,15:35:13,0,1,2,3,4
363,15:35:13,0,1,2,3,4
364,15:35:13,0,1,2,3,4
365,15:35:13,0,1,2,3,4
366,15:35:13,0,1,2,3,4
367,15:35:13,0,1,2,3,4
368,15:35:13,0,1,2,3,4
369,15:35:13,0,1,2,3,4
370,15:35:13,0,1,2,3,4
371,15:35:13,0,1,2,3,4
372,15:35:13,0,1,2,3,4
373,15:35:13,0,1,2,3,4
374,15:35:13,0,1,2,3,4
375,15:35:13,0,1,2,3,4
376,15:35:14,0,1,2,3,4
377,15:35:14,0,1,2,3,4
378,15:35:14,0,1,2,3,4
379,15:35:14,0,1,2,3,4
380,15:35:14,0,1,2,3,4
381,15:35:14,0,1,2,3,4
382,15:35:14,0,1,2,3,4
383,15:35:14,0,1,2,3,4
384,15:35:14,0,1,2,3,4
385,15:35:14,0,1,2,3,4
386,15:35:14,0,1,2,3,4
387,15:35:14,0,1,2,3,4
388,15:35:14,0,1,2,3,4
389,15:35:14,0,1,2,3,4
390,15:35:14,0,1,2,3,4
391,15:35:14,0,1,2,3,4
392,15:35:14,0,1,2,3,4
393,15:35:14,0,1,2,3,4
394,15:35:14,0,1,2,3,4
395,15:35:14,0,1,2,3,4
396,15:35:14,0,1,2,3,4
397,15:35:14,0,1,2,3,4
398,15:35:15,0,1,2,3,4
399,15:35:15,0,1,2,3,4
400,15:35:15,0,1,2,3,4
401,15:35:15,0,1,2,3,4
402,15:35:15,0,1,2,3,4
403,15:35:15,0,1,2,3,4
404,15:35:15,0,1,2,3,4
405,15:35:15,0,1,2,3,4
406,15:35:15,0,1,2,3,4
407,15:35:15,0,1,2,3,4
408,15:35:15,0,1,2,3,4
409,15:35:15,0,1,2,3,4
410,15:35:15,0,1,2,3,4
411,15:35:15,0,1,2,3,4
412,15:35:15,0,1,2,3,4
413,15:35:15,0,1,2,3,4
414,15:35:15,0,1,2,3,4
415,15:35:15,0,1,2,3,4
416,15:35:16,0,1,2,3,4
417,15:35:16,0,1,2,3,4
418,15:35:16,0,1,2,3,4
419,15:35:16,0,1,2,3,4
420,15:35:16,0,1,2,3,4
421,15:35:16,0,1,2,3,4
422,15:35:16,0,1,2,3,4
423,15:35:16,0,1,2,3,4
424,15:35:16,0,1,2,3,4
425,15:35:16,0,1,2,3,4
426,15:35:16,0,1,2,3,4
427,15:35:16,0,1,2,3,4
428,15:35:16,0,1,2,3,4
429,15:35:16,0,1,2,3,4
430,15:35:16,0,1,2,3,4
431,15:35:16,0,1,2,3,4
432,15:35:16,0,1,2,3,4
433,15:35:16,0,1,2,3,4
434,15:35:16,0,1,2,3,4
435,15:35:16,0,1,2,3,4
436,15:35:17,0,1,2,3,4
437,15:35:17,0,1,2,3,4
438,15:35:17,0,1,2,3,4
439,15:35:17,0,1,2,3,4
440,15:35:17,0,1,2,3,4
441,15:35:17,0,1,2,3,4
442,15:35:17,0,1,2,3,4
443,15:35:17,0,1,2,3,4
444,15:35:17,0,1,2,3,4
445,15:35:17,0,1,2,3,4
446,15:35:17,0,1,2,3,4
447,15:35:17,0,1,2,3,4
448,15:35:17,0,1,2,3,4
449,15:35:17,0,1,2,3,4
450,15:35:17,0,1,2,3,4
451,15:35:17,0,1,2,3,4
452,15:35:17,0,1,2,3,4
453,15:35:17,0,1,2,3,4
454,15:35:17,0,1,2,3,4
455,15:35:17,0,1,2,3,4
456,15:35:17,0,1,2,3,4
457,15:35:17,0,1,2,3,4
458,15:35:18,0,1,2,3,4
459,15:35:18,0,1,2,3,4
460,15:35:18,0,1,2,3,4
461,15:35:18,0,1,2,3,4
462,15:35:18,0,1,2,3,4
463,15:35:18,0,1,2,3,4
464,15:35:18,0,1,2,3,4
465,15:35:18,0,1,2,3,4
466,15:35:18,0,1,2,3,4
467,15:35:18,0,1,2,3,4
468,15:35:18,0,1,2,3,4
469,15:35:18,0,1,2,3,4
470,15:35:18,0,1,2,3,4
471,15:35:18,0,1,2,3,4
472,15:35:18,0,1,2,3,4
473,15:35:18,0,1,2,3,4
474,15:35:18,0,1,2,3,4
475,15:35:18,0,1,2,3,4
476,15:35:18,0,1,2,3,4
477,15:35:18,0,1,2,3,4
478,15:35:19,0,1,2,3,4
479,15:35:19,0,1,2,3,4
480,15:35:19,0,1,2,3,4
481,15:35:19,0,1,2,3,4
482,15:35:19,0,1,2,3,4
483,15:35:19,0,1,2,3,4
484,15:35:19,0,1,2,3,4
485,15:35:19,0,1,2,3,4
486,15:35:19,0,1,2,3,4
487,15:35:19,0,1,2,3,4
488,15:35:19,0,1,2,3,4
489,15:35:19,0,1,2,3,4
490,15:35:19,0,1,2,3,4
491,15:35:19,0,1,2,3,4
492,15:35:19,0,1,2,3,4
493,15:35:19,0,1,2,3,4
494,15:35:19,0,1,2,3,4
495,15:35:19,0,1,2,3,4
496,15:35:19,0,1,2,3,4
497,15:35:19,0,1,2,3,4
498,15:35:19,0,1,2,3,4
499,15:35:20,0,1,2,3,4
500,15:35:20,0,1,2,3,4
501,15:35:20,0,1,2,3,4
502,15:35:20,0,1,2,3,4
503,15:35:20,0,1,2,3,4
504,15:35:20,0,1,2,3,4
505,15:35:20,0,1,2,3,4
506,15:35:20,0,1,2,3,4
507,15:35:20,0,1,2,3,4
508,15:35:20,0,1,2,3,4
509,15:35:20,0,1,2,3,4
510,15:35:20,0,1,2,3,4
511,15:35:20,0,1,2,3,4
512,15:35:20,0,1,2,3,4
513,15:35:20,0,1,2,3,4
514,15:35:20,0,1,2,3,4
515,15:35:20,0,1,2,3,4
516,15:35:20,0,1,2,3,4
517,15:35:20,0,1,2,3,4
518,15:35:20,0,1,2,3,4
519,15:35:20,0,1,2,3,4
520,15:35:21,0,1,2,3,4
521,15:35:21,0,1,2,3,4
522,15:35:21,0,1,2,3,4
523,15:35:21,0,1,2,3,4
524,15:35:21,0,1,2,3,4
525,15:35:21,0,1,2,3,4
526,15:35:21,0,1,2,3,4
527,15:35:21,0,1,2,3,4
528,15:35:21,0,1,2,3,4
529,15:35:21,0,1,2,3,4
530,15:35:21,0,1,2,3,4
531,15:35:21,0,1,2,3,4
532,15:35:21,0,1,2,3,4
533,15:35:21,0,1,2,3,4
534,15:35:21,0,1,2,3,4
535,15:35:21,0,1,2,3,4
536,15:35:21,0,1,2,3,4
537,15:35:21,0,1,2,3,4
538,15:35:21,0,1,2,3,4
539,15:35:21,0,1,2,3,4
540,15:35:21,0,1,2,3,4
541,15:35:22,0,1,2,3,4
542,15:35:22,0,1,2,3,4
543,15:35:22,0,1,2,3,4
544,15:35:22,0,1,2,3,4
545,15:35:22,0,1,2,3,4
546,15:35:22,0,1,2,3,4
547,15:35:22,0,1,2,3,4
548,15:35:22,0,1,2,3,4
549,15:35:22,0,1,2,3,4
550,15:35:22,0,1,2,3,4
551,15:35:22,0,1,2,3,4
552,15:35:22,0,1,2,3,4
553,15:35:22,0,1,2,3,4
554,15:35:22,0,1,2,3,4
555,15:35:22,0,1,2,3,4
556,15:35:22,0,1,2,3,4
557,15:35:22,0,1,2,3,4
558,15:35:22,0,1,2,3,4
559,15:35:22,0,1,2,3,4
560,15:35:22,0,1,2,3,4
561,15:35:22,0,1,2,3,4
562,15:35:23,0,1,2,3,4
563,15:35:23,0,1,2,3,4
564,15:35:23,0,1,2,3,4
565,15:35:23,0,1,2,3,4
566,15:35:23,0,1,2,3,4
567,15:35:23,0,1,2,3,4
568,15:35:23,0,1,2,3,4
569,15:35:23,0,1,2,3,4
570,15:35:23,0,1,2,3,4
571,15:35:23,0,1,2,3,4
572,15:35:23,0,1,2,3,4
573,15:35:23,0,1,2,3,4
574,15:35:23,0,1,2,3,4
575,15:35:23,0,1,2,3,4
576,15:35:23,0,1,2,3,4
577,15:35:23,0,1,2,3,4
578,15:35:23,0,1,2,3,4
579,15:35:23,0,1,2,3,4
580,15:35:23,0,1,2,3,4
581,15:35:23,0,1,2,3,4
582,15:35:23,0,1,2,3,4
583,15:35:24,0,1,2,3,4
584,15:35:24,0,1,2,3,4
585,15:35:24,0,1,2,3,4
586,15:35:24,0,1,2,3,4
587,15:35:24,0,1,2,3,4
588,15:35:24,0,1,2,3,4
589,15:35:24,0,1,2,3,4
590,15:35:24,0,1,2,3,4
591,15:35:24,0,1,2,3,4
592,15:35:24,0,1,2,3,4
593,15:35:24,0,1,2,3,4
594,15:35:24,0,1,2,3,4
595,15:35:24,0,1,2,3,4
596,15:35:24,0,1,2,3,4
597,15:35:24,0,1,2,3,4
598,15:35:24,0,1,2,3,4
599,15:35:24,0,1,2,3,4
600,15:35:24,0,1,2,3,4
601,15:35:24,0,1,2,3,4
602,15:35:24,0,1,2,3,4
603,15:35:24,0,1,2,3,4
604,15:35:25,0,1,2,3,4
605,15:35:25,0,1,2,3,4
606,15:35:25,0,1,2,3,4
607,15:35:25,0,1,2,3,4
608,15:35:25,0,1,2,3,4
609,15:35:25,0,1,2,3,4
610,15:35:25,0,1,2,3,4
611,15:35:25,0,1,2,3,4
612,15:35:25,0,1,2,3,4
613,15:35:25,0,1,2,3,4
614,15:35:25,0,1,2,3,4
615,15:35:25,0,1,2,3,4
616,15:35:25,0,1,2,3,4
617,15:35:25,0,1,2,3,4
618,15:35:25,0,1,2,3,4
619,15:35:25,0,1,2,3,4
620,15:35:25,0,1,2,3,4
621,15:35:25,0,1,2,3,4
622,15:35:25,0,1,2,3,4
623,15:35:25,0,1,2,3,4
624,15:35:25,0,1,2,3,4
625,15:35:26,0,1,2,3,4
626,15:35:26,0,1,2,3,4
627,15:35:26,0,1,2,3,4
628,15:35:26,0,1,2,3,4
629,15:35:26,0,1,2,3,4
630,15:35:26,0,1,2,3,4
631,15:35:26,0,1,2,3,4
632,15:35:26,0,1,2,3,4
633,15:35:26,0,1,2,3,4
634,15:35:26,0,1,2,3,4
635,15:35:26,0,1,2,3,4
636,15:35:26,0,1,2,3,4
637,15:35:26,0,1,2,3,4
638,15:35:26,0,1,2,3,4
639,15:35:26,0,1,2,3,4
640,15:35:26,0,1,2,3,4
641,15:35:26,0,1,2,3,4
642,15:35:26,0,1,2,3,4
643,15:35:26,0,1,2,3,4
644,15:35:26,0,1,2,3,4
645,15:35:26,0,1,2,3,4
646,15:35:27,0,1,2,3,4
647,15:35:27,0,1,2,3,4
648,15:35:27,0,1,2,3,4
649,15:35:27,0,1,2,3,4
650,15:35:27,0,1,2,3,4
651,15:35:27,0,1,2,3,4
652,15:35:27,0,1,2,3,4
653,15:35:27,0,1,2,3,4
654,15:35:27,0,1,2,3,4
655,15:35:27,0,1,2,3,4
656,15:35:27,0,1,2,3,4
657,15:35:27,0,1,2,3,4
658,15:35:27,0,1,2,3,4
659,15:35:27,0,1,2,3,4
660,15:35:27,0,1,2,3,4
661,15:35:27,0,1,2,3,4
662,15:35:27,0,1,2,3,4
663,15:35:27,0,1,2,3,4
664,15:35:27,0,1,2,3,4
665,15:35:27,0,1,2,3,4
666,15:35:28,0,1,2,3,4
667,15:35:28,0,1,2,3,4
668,15:35:28,0,1,2,3,4
669,15:35:28,0,1,2,3,4
670,15:35:28,0,1,2,3,4
671,15:35:28,0,1,2,3,4
672,15:35:28,0,1,2,3,4
673,15:35:28,0,1,2,3,4
674,15:35:28,0,1,2,3,4
675,15:35:28,0,1,2,3,4
676,15:35:28,0,1,2,3,4
677,15:35:28,0,1,2,3,4
678,15:35:28,0,1,2,3,4
679,15:35:28,0,1,2,3,4
680,15:35:28,0,1,2,3,4
681,15:35:28,0,1,2,3,4
682,15:35:28,0,1,2,3,4
683,15:35:28,0,1,2,3,4
684,15:35:28,0,1,2,3,4
685,15:35:28,0,1,2,3,4
686,15:35:28,0,1,2,3,4
687,15:35:29,0,1,2,3,4
688,15:35:29,0,1,2,3,4
689,15:35:29,0,1,2,3,4
690,15:35:29,0,1,2,3,4
691,15:35:29,0,1,2,3,4
692,15:35:29,0,1,2,3,4
693,15:35:29,0,1,2,3,4
694,15:35:29,0,1,2,3,4
695,15:35:29,0,1,2,3,4
696,15:35:29,0,1,2,3,4
697,15:35:29,0,1,2,3,4
698,15:35:29,0,1,2,3,4
699,15:35:29,0,1,2,3,4
700,15:35:29,0,1,2,3,4
701,15:35:29,0,1,2,3,4
702,15:35:29,0,1,2,3,4
703,15:35:29,0,1,2,3,4
704,15:35:29,0,1,2,3,4
705,15:35:29,0,1,2,3,4
706,15:35:29,0,1,2,3,4
707,15:35:29,0,1,2,3,4
708,15:35:30,0,1,2,3,4
709,15:35:30,0,1,2,3,4
710,15:35:30,0,1,2,3,4
711,15:35:30,0,1,2,3,4
712,15:35:30,0,1,2,3,4
713,15:35:30,0,1,2,3,4
714,15:35:30,0,1,2,3,4
715,15:35:30,0,1,2,3,4
716,15:35:30,0,1,2,3,4
717,15:35:30,0,1,2,3,4
718,15:35:30,0,1,2,3,4
719,15:35:30,0,1,2,3,4
720,15:35:30,0,1,2,3,4
721,15:35:30,0,1,2,3,4
722,15:35:30,0,1,2,3,4
723,15:35:30,0,1,2,3,4
724,15:35:30,0,1,2,3,4
725,15:35:30,0,1,2,3,4
726,15:35:30,0,1,2,3,4
727,15:35:30,0,1,2,3,4
728,15:35:30,0,1,2,3,4
729,15:35:31,0,1,2,3,4
730,15:35:31,0,1,2,3,4
731,15:35:31,0,1,2,3,4
732,15:35:31,0,1,2,3,4
733,15:35:31,0,1,2,3,4
734,15:35:31,0,1,2,3,4
735,15:35:31,0,1,2,3,4
736,15:35:31,0,1,2,3,4
737,15:35:31,0,1,2,3,4
738,15:35:31,0,1,2,3,4
739,15:35:31,0,1,2,3,4
740,15:35:31,0,1,2,3,4
741,15:35:31,0,1,2,3,4
742,15:35:31,0,1,2,3,4
743,15:35:31,0,1,2,3,4
744,15:35:31,0,1,2,3,4
745,15:35:31,0,1,2,3,4
746,15:35:31,0,1,2,3,4
747,15:35:31,0,1,2,3,4
748,15:35:31,0,1,2,3,4
749,15:35:31,0,1,2,3,4
750,15:35:32,0,1,2,3,4
751,15:35:32,0,1,2,3,4
752,15:35:32,0,1,2,3,4
753,15:35:32,0,1,2,3,4
754,15:35:32,0,1,2,3,4
755,15:35:32,0,1,2,3,4
756,15:35:32,0,1,2,3,4
757,15:35:32,0,1,2,3,4
758,15:35:32,0,1,2,3,4
759,15:35:32,0,1,2,3,4
760,15:35:32,0,1,2,3,4
761,15:35:32,0,1,2,3,4
762,15:35:32,0,1,2,3,4
763,15:35:32,0,1,2,3,4
764,15:35:32,0,1,2,3,4
765,15:35:32,0,1,2,3,4
766,15:35:32,0,1,2,3,4
767,15:35:32,0,1,2,3,4
768,15:35:32,0,1,2,3,4
769,15:35:32,0,1,2,3,4
770,15:35:32,0,1,2,3,4
771,15:35:33,0,1,2,3,4
772,15:35:33,0,1,2,3,4
773,15:35:33,0,1,2,3,4
774,15:35:33,0,1,2,3,4
775,15:35:33,0,1,2,3,4
776,15:35:33,0,1,2,3,4
777,15:35:33,0,1,2,3,4
778,15:35:33,0,1,2,3,4
779,15:35:33,0,1,2,3,4
780,15:35:33,0,1,2,3,4
781,15:35:33,0,1,2,3,4
782,15:35:33,0,1,2,3,4
783,15:35:33,0,1,2,3,4
784,15:35:33,0,1,2,3,4
785,15:35:33,0,1,2,3,4
786,15:35:33,0,1,2,3,4
787,15:35:33,0,1,2,3,4
788,15:35:33,0,1,2,3,4
789,15:35:33,0,1,2,3,4
790,15:35:33,0,1,2,3,4
791,15:35:34,0,1,2,3,4
792,15:35:34,0,1,2,3,4
793,15:35:34,0,1,2,3,4
794,15:35:34,0,1,2,3,4
795,15:35:34,0,1,2,3,4
796,15:35:34,0,1,2,3,4
797,15:35:34,0,1,2,3,4
798,15:35:34,0,1,2,3,4
799,15:35:34,0,1,2,3,4
800,15:35:34,0,1,2,3,4
801,15:35:34,0,1,2,3,4
802,15:35:34,0,1,2,3,4
803,15:35:34,0,1,2,3,4
804,15:35:34,0,1,2,3,4
805,15:35:34,0,1,2,3,4
806,15:35:34,0,1,2,3,4
807,15:35:34,0,1,2,3,4
808,15:35:34,0,1,2,3,4
809,15:35:34,0,1,2,3,4
810,15:35:34,0,1,2,3,4
811,15:35:34,0,1,2,3,4
812,15:35:35,0,1,2,3,4
813,15:35:35,0,1,2,3,4
814,15:35:35,0,1,2,3,4
815,15:35:35,0,1,2,3,4
816,15:35:35,0,1,2,3,4
817,15:35:35,0,1,2,3,4
818,15:35:35,0,1,2,3,4
819,15:35:35,0,1,2,3,4
820,15:35:35,0,1,2,3,4
821,15:35:35,0,1,2,3,4
822,15:35:35,0,1,2,3,4
823,15:35:35,0,1,2,3,4
824,15:35:35,0,1,2,3,4
825,15:35:35,0,1,2,3,4
826,15:35:35,0,1,2,3,4
827,15:35:35,0,1,2,3,4
828,15:35:35,0,1,2,3,4
829,15:35:35,0,1,2,3,4
830,15:35:35,0,1,2,3,4
831,15:35:35,0,1,2,3,4
832,15:35:35,0,1,2,3,4
833,15:35:36,0,1,2,3,4
834,15:35:36,0,1,2,3,4
835,15:35:36,0,1,2,3,4
836,15:35:36,0,1,2,3,4
837,15:35:36,0,1,2,3,4
838,15:35:36,0,1,2,3,4
839,15:35:36,0,1,2,3,4
840,15:35:36,0,1,2,3,4
841,15:35:36,0,1,2,3,4
842,15:35:36,0,1,2,3,4
843,15:35:36,0,1,2,3,4
844,15:35:36,0,1,2,3,4
845,15:35:36,0,1,2,3,4
846,15:35:36,0,1,2,3,4
847,15:35:36,0,1,2,3,4
848,15:35:36,0,1,2,3,4
849,15:35:36,0,1,2,3,4
850,15:35:36,0,1,2,3,4
851,15:35:36,0,1,2,3,4
852,15:35:36,0,1,2,3,4
853,15:35:37,0,1,2,3,4
854,15:35:37,0,1,2,3,4
855,15:35:37,0,1,2,3,4
856,15:35:37,0,1,2,3,4
857,15:35:37,0,1,2,3,4
858,15:35:37,0,1,2,3,4
859,15:35:37,0,1,2,3,4
860,15:35:37,0,1,2,3,4
861,15:35:37,0,1,2,3,4
862,15:35:37,0,1,2,3,4
863,15:35:37,0,1,2,3,4
864,15:35:37,0,1,2,3,4
865,15:35:37,0,1,2,3,4
866,15:35:37,0,1,2,3,4
867,15:35:37,0,1,2,3,4
868,15:35:37,0,1,2,3,4
869,15:35:37,0,1,2,3,4
870,15:35:37,0,1,2,3,4
871,15:35:37,0,1,2,3,4
872,15:35:37,0,1,2,3,4
873,15:35:37,0,1,2,3,4
874,15:35:37,0,1,2,3,4
875,15:35:38,0,1,2,3,4
876,15:35:38,0,1,2,3,4
877,15:35:38,0,1,2,3,4
878,15:35:38,0,1,2,3,4
879,15:35:38,0,1,2,3,4
880,15:35:38,0,1,2,3,4
881,15:35:38,0,1,2,3,4
882,15:35:38,0,1,2,3,4
883,15:35:38,0,1,2,3,4
884,15:35:38,0,1,2,3,4
885,15:35:38,0,1,2,3,4
886,15:35:38,0,1,2,3,4
887,15:35:38,0,1,2,3,4
888,15:35:38,0,1,2,3,4
889,15:35:38,0,1,2,3,4
890,15:35:38,0,1,2,3,4
891,15:35:38,0,1,2,3,4
892,15:35:38,0,1,2,3,4
893,15:35:38,0,1,2,3,4
894,15:35:38,0,1,2,3,4
895,15:35:38,0,1,2,3,4
896,15:35:39,0,1,2,3,4
897,15:35:39,0,1,2,3,4
898,15:35:39,0,1,2,3,4
899,15:35:39,0,1,2,3,4
900,15:35:39,0,1,2,3,4
901,15:35:39,0,1,2,3,4
902,15:35:39,0,1,2,3,4
903,15:35:39,0,1,2,3,4
904,15:35:39,0,1,2,3,4
905,15:35:39,0,1,2,3,4
906,15:35:39,0,1,2,3,4
907,15:35:39,0,1,2,3,4
908,15:35:39,0,1,2,3,4
909,15:35:39,0,1,2,3,4
910,15:35:39,0,1,2,3,4
911,15:35:39,0,1,2,3,4
912,15:35:39,0,1,2,3,4
913,15:35:39,0,1,2,3,4
914,15:35:39,0,1,2,3,4
915,15:35:39,0,1,2,3,4
916,15:35:39,0,1,2,3,4
917,15:35:40,0,1,2,3,4
918,15:35:40,0,1,2,3,4
919,15:35:40,0,1,2,3,4
920,15:35:40,0,1,2,3,4
921,15:35:40,0,1,2,3,4
922,15:35:40,0,1,2,3,4
923,15:35:40,0,1,2,3,4
924,15:35:40,0,1,2,3,4
925,15:35:40,0,1,2,3,4
926,15:35:40,0,1,2,3,4
927,15:35:40,0,1,2,3,4
928,15:35:40,0,1,2,3,4
929,15:35:40,0,1,2,3,4
930,15:35:40,0,1,2,3,4
931,15:35:40,0,1,2,3,4
932,15:35:40,0,1,2,3,4
933,15:35:40,0,1,2,3,4
934,15:35:40,0,1,2,3,4
935,15:35:40,0,1,2,3,4
936,15:35:40,0,1,2,3,4
937,15:35:40,0,1,2,3,4
938,15:35:41,0,1,2,3,4
939,15:35:41,0,1,2,3,4
940,15:35:41,0,1,2,3,4
941,15:35:41,0,1,2,3,4
942,15:35:41,0,1,2,3,4
943,15:35:41,0,1,2,3,4
944,15:35:41,0,1,2,3,4
945,15:35:41,0,1,2,3,4
946,15:35:41,0,1,2,3,4
947,15:35:41,0,1,2,3,4
948,15:35:41,0,1,2,3,4
949,15:35:41,0,1,2,3,4
950,15:35:41,0,1,2,3,4
951,15:35:41,0,1,2,3,4
952,15:35:41,0,1,2,3,4
953,15:35:41,0,1,2,3,4
954,15:35:41,0,1,2,3,4
955,15:35:41,0,1,2,3,4
956,15:35:41,0,1,2,3,4
957,15:35:41,0,1,2,3,4
958,15:35:41,0,1,2,3,4
959,15:35:42,0,1,2,3,4
960,15:35:42,0,1,2,3,4
961,15:35:42,0,1,2,3,4
962,15:35:42,0,1,2,3,4
963,15:35:42,0,1,2,3,4
964,15:35:42,0,1,2,3,4
965,15:35:42,0,1,2,3,4
966,15:35:42,0,1,2,3,4
967,15:35:42,0,1,2,3,4
968,15:35:42,0,1,2,3,4
969,15:35:42,0,1,2,3,4
970,15:35:42,0,1,2,3,4
971,15:35:42,0,1,2,3,4
972,15:35:42,0,1,2,3,4
973,15:35:42,0,1,2,3,4
974,15:35:42,0,1,2,3,4
975,15:35:42,0,1,2,3,4
976,15:35:42,0,1,2,3,4
977,15:35:42,0,1,2,3,4
978,15:35:42,0,1,2,3,4
979,15:35:42,0,1,2,3,4
980,15:35:43,0,1,2,3,4
981,15:35:43,0,1,2,3,4
982,15:35:43,0,1,2,3,4
983,15:35:43,0,1,2,3,4
984,15:35:43,0,1,2,3,4
985,15:35:43,0,1,2,3,4
986,15:35:43,0,1,2,3,4
987,15:35:43,0,1,2,3,4
988,15:35:43,0,1,2,3,4
989,15:35:43,0,1,2,3,4
990,15:35:43,0,1,2,3,4
991,15:35:43,0,1,2,3,4
992,15:35:43,0,1,2,3,4
993,15:35:43,0,1,2,3,4
994,15:35:43,0,1,2,3,4
995,15:35:43,0,1,2,3,4
996,15:35:43,0,1,2,3,4
997,15:35:43,0,1,2,3,4
998,15:35:43,0,1,2,3,4
999,15:35:43,0,1,2,3,4
1000,15:35:44,0,1,2,3,4
1001,15:35:44,0,1,2,3,4
1002,15:35:44,0,1,2,3,4
1003,15:35:44,0,1,2,3,4
1004,15:35:44,0,1,2,3,4
1005,15:35:44,0,1,2,3,4
1006,15:35:44,0,1,2,3,4
1007,15:35:44,0,1,2,3,4
1008,15:35:44,0,1,2,3,4
1009,15:35:44,0,1,2,3,4
1010,15:35:44,0,1,2,3,4
1011,15:35:44,0,1,2,3,4
1012,15:35:44,0,1,2,3,4
1013,15:35:44,0,1,2,3,4
1014,15:35:44,0,1,2,3,4
1015,15:35:44,0,1,2,3,4
1016,15:35:44,0,1,2,3,4
1017,15:35:44,0,1,2,3,4
1018,15:35:44,0,1,2,3,4
1019,15:35:44,0,1,2,3,4
1020,15:35:44,0,1,2,3,4
1021,15:35:45,0,1,2,3,4
1022,15:35:45,0,1,2,3,4
1023,15:35:45,0,1,2,3,4
1024,15:35:45,0,1,2,3,4
1025,15:35:45,0,1,2,3,4
1026,15:35:45,0,1,2,3,4
1027,15:35:45,0,1,2,3,4
1028,15:35:45,0,1,2,3,4
1029,15:35:45,0,1,2,3,4
1030,15:35:45,0,1,2,3,4
1031,15:35:45,0,1,2,3,4
1032,15:35:45,0,1,2,3,4
1033,15:35:45,0,1,2,3,4
1034,15:35:45,0,1,2,3,4
1035,15:35:45,0,1,2,3,4
1036,15:35:45,0,1,2,3,4
1037,15:35:45,0,1,2,3,4
1038,15:35:45,0,1,2,3,4
1039,15:35:45,0,1,2,3,4
1040,15:35:45,0,1,2,3,4
1041,15:35:45,0,1,2,3,4
1042,15:35:45,0,1,2,3,4
1043,15:35:46,0,1,2,3,4
1044,15:35:46,0,1,2,3,4
1045,15:35:46,0,1,2,3,4
1046,15:35:46,0,1,2,3,4
1047,15:35:46,0,1,2,3,4
1048,15:35:46,0,1,2,3,4
1049,15:35:46,0,1,2,3,4
1050,15:35:46,0,1,2,3,4
1051,15:35:46,0,1,2,3,4
1052,15:35:46,0,1,2,3,4
1053,15:35:46,0,1,2,3,4
1054,15:35:46,0,1,2,3,4
1055,15:35:46,0,1,2,3,4
1056,15:35:46,0,1,2,3,4
1057,15:35:46,0,1,2,3,4
1058,15:35:46,0,1,2,3,4
1059,15:35:46,0,1,2,3,4
1060,15:35:46,0,1,2,3,4
1061,15:35:46,0,1,2,3,4
1062,15:35:46,0,1,2,3,4
1063,15:35:46,0,1,2,3,4
1064,15:35:47,0,1,2,3,4
1065,15:35:47,0,1,2,3,4
1066,15:35:47,0,1,2,3,4
1067,15:35:47,0,1,2,3,4
1068,15:35:47,0,1,2,3,4
1069,15:35:47,0,1,2,3,4
1070,15:35:47,0,1,2,3,4
1071,15:35:47,0,1,2,3,4
1072,15:35:47,0,1,2,3,4
1073,15:35:47,0,1,2,3,4
1074,15:35:47,0,1,2,3,4
1075,15:35:47,0,1,2,3,4
1076,15:35:47,0,1,2,3,4
1077,15:35:47,0,1,2,3,4
1078,15:35:47,0,1,2,3,4
1079,15:35:47,0,1,2,3,4
1080,15:35:47,0,1,2,3,4
1081,15:35:47,0,1,2,3,4
1082,15:35:47,0,1,2,3,4
1083,15:35:47,0,1,2,3,4
1084,15:35:47,0,1,2,3,4
1085,15:35:48,0,1,2,3,4
1086,15:35:48,0,1,2,3,4
1087,15:35:48,0,1,2,3,4
1088,15:35:48,0,1,2,3,4
1089,15:35:48,0,1,2,3,4
1090,15:35:48,0,1,2,3,4
1091,15:35:48,0,1,2,3,4
1092,15:35:48,0,1,2,3,4
1093,15:35:48,0,1,2,3,4
1094,15:35:48,0,1,2,3,4
1095,15:35:48,0,1,2,3,4
1096,15:35:48,0,1,2,3,4
1097,15:35:48,0,1,2,3,4
1098,15:35:48,0,1,2,3,4
1099,15:35:48,0,1,2,3,4
1100,15:35:48,0,1,2,3,4
1101,15:35:48,0,1,2,3,4
1102,15:35:48,0,1,2,3,4
1103,15:35:48,0,1,2,3,4
1104,15:35:48,0,1,2,3,4
1105,15:35:49,0,1,2,3,4
1106,15:35:49,0,1,2,3,4
1107,15:35:49,0,1,2,3,4
1108,15:35:49,0,1,2,3,4
1109,15:35:49,0,1,2,3,4
1110,15:35:49,0,1,2,3,4
1111,15:35:49,0,1,2,3,4
1112,15:35:49,0,1,2,3,4
1113,15:35:49,0,1,2,3,4
1114,15:35:49,0,1,2,3,4
1115,15:35:49,0,1,2,3,4
1116,15:35:49,0,1,2,3,4
1117,15:35:49,0,1,2,3,4
1118,15:35:49,0,1,2,3,4
1119,15:35:49,0,1,2,3,4
1120,15:35:49,0,1,2,3,4
1121,15:35:49,0,1,2,3,4
1122,15:35:49,0,1,2,3,4
1123,15:35:49,0,1,2,3,4
1124,15:35:49,0,1,2,3,4
1125,15:35:49,0,1,2,3,4
1126,15:35:50,0,1,2,3,4
1127,15:35:50,0,1,2,3,4
1128,15:35:50,0,1,2,3,4
1129,15:35:50,0,1,2,3,4
1130,15:35:50,0,1,2,3,4
1131,15:35:50,0,1,2,3,4
1132,15:35:50,0,1,2,3,4
1133,15:35:50,0,1,2,3,4
1134,15:35:50,0,1,2,3,4
1135,15:35:50,0,1,2,3,4
1136,15:35:50,0,1,2,3,4
1137,15:35:50,0,1,2,3,4
1138,15:35:50,0,1,2,3,4
1139,15:35:50,0,1,2,3,4
1140,15:35:50,0,1,2,3,4
1141,15:35:50,0,1,2,3,4
1142,15:35:50,0,1,2,3,4
1143,15:35:50,0,1,2,3,4
1144,15:35:50,0,1,2,3,4
1145,15:35:50,0,1,2,3,4
1146,15:35:50,0,1,2,3,4
1147,15:35:51,0,1,2,3,4
1148,15:35:51,0,1,2,3,4
1149,15:35:51,0,1,2,3,4
1150,15:35:51,0,1,2,3,4
1151,15:35:51,0,1,2,3,4
1152,15:35:51,0,1,2,3,4
1153,15:35:51,0,1,2,3,4
1154,15:35:51,0,1,2,3,4
1155,15:35:51,0,1,2,3,4
1156,15:35:51,0,1,2,3,4
1157,15:35:51,0,1,2,3,4
1158,15:35:51,0,1,2,3,4
1159,15:35:51,0,1,2,3,4
1160,15:35:51,0,1,2,3,4
1161,15:35:51,0,1,2,3,4
1162,15:35:51,0,1,2,3,4
1163,15:35:51,0,1,2,3,4
1164,15:35:51,0,1,2,3,4
1165,15:35:51,0,1,2,3,4
1166,15:35:51,0,1,2,3,4
1167,15:35:51,0,1,2,3,4
1168,15:35:52,0,1,2,3,4
1169,15:35:52,0,1,2,3,4
1170,15:35:52,0,1,2,3,4
1171,15:35:52,0,1,2,3,4
1172,15:35:52,0,1,2,3,4
1173,15:35:52,0,1,2,3,4
1174,15:35:52,0,1,2,3,4
1175,15:35:52,0,1,2,3,4
1176,15:35:52,0,1,2,3,4
1177,15:35:52,0,1,2,3,4
1178,15:35:52,0,1,2,3,4
1179,15:35:52,0,1,2,3,4
1180,15:35:52,0,1,2,3,4
1181,15:35:52,0,1,2,3,4
1182,15:35:52,0,1,2,3,4
1183,15:35:52,0,1,2,3,4
1184,15:35:52,0,1,2,3,4
1185,15:35:52,0,1,2,3,4
1186,15:35:52,0,1,2,3,4
1187,15:35:52,0,1,2,3,4
1188,15:35:52,0,1,2,3,4
1189,15:35:53,0,1,2,3,4
1190,15:35:53,0,1,2,3,4
1191,15:35:53,0,1,2,3,4
1192,15:35:53,0,1,2,3,4
1193,15:35:53,0,1,2,3,4
1194,15:35:53,0,1,2,3,4
1195,15:35:53,0,1,2,3,4
1196,15:35:53,0,1,2,3,4
1197,15:35:53,0,1,2,3,4
1198,15:35:53,0,1,2,3,4
1199,15:35:53,0,1,2,3,4
1200,15:35:53,0,1,2,3,4
1201,15:35:53,0,1,2,3,4
1202,15:35:53,0,1,2,3,4
1203,15:35:53,0,1,2,3,4
1204,15:35:53,0,1,2,3,4
1205,15:35:53,0,1,2,3,4
1206,15:35:53,0,1,2,3,4
1207,15:35:53,0,1,2,3,4
1208,15:35:53,0,1,2,3,4
1209,15:35:53,0,1,2,3,4
1210,15:35:54,0,1,2,3,4
1211,15:35:54,0,1,2,3,4
1212,15:35:54,0,1,2,3,4
1213,15:35:54,0,1,2,3,4
1214,15:35:54,0,1,2,3,4
1215,15:35:54,0,1,2,3,4
1216,15:35:54,0,1,2,3,4
1217,15:35:54,0,1,2,3,4
1218,15:35:54,0,1,2,3,4
1219,15:35:54,0,1,2,3,4
1220,15:35:54,0,1,2,3,4
1221,15:35:54,0,1,2,3,4
1222,15:35:54,0,1,2,3,4
1223,15:35:54,0,1,2,3,4
1224,15:35:54,0,1,2,3,4
1225,15:35:54,0,1,2,3,4
1226,15:35:54,0,1,2,3,4
1227,15:35:54,0,1,2,3,4
1228,15:35:54,0,1,2,3,4
1229,15:35:54,0,1,2,3,4
1230,15:35:54,0,1,2,3,4
1231,15:35:55,0,1,2,3,4
1232,15:35:55,0,1,2,3,4
1233,15:35:55,0,1,2,3,4
1234,15:35:55,0,1,2,3,4
1235,15:35:55,0,1,2,3,4
1236,15:35:55,0,1,2,3,4
1237,15:35:55,0,1,2,3,4
1238,15:35:55,0,1,2,3,4
1239,15:35:55,0,1,2,3,4
1240,15:35:55,0,1,2,3,4
1241,15:35:55,0,1,2,3,4
1242,15:35:55,0,1,2,3,4
1243,15:35:55,0,1,2,3,4
1244,15:35:55,0,1,2,3,4
1245,15:35:55,0,1,2,3,4
1246,15:35:55,0,1,2,3,4
1247,15:35:55,0,1,2,3,4
1248,15:35:55,0,1,2,3,4
1249,15:35:55,0,1,2,3,4
1250,15:35:55,0,1,2,3,4
1251,15:35:55,0,1,2,3,4
1252,15:35:56,0,1,2,3,4
1253,15:35:56,0,1,2,3,4
1254,15:35:56,0,1,2,3,4
1255,15:35:56,0,1,2,3,4
1256,15:35:56,0,1,2,3,4
1257,15:35:56,0,1,2,3,4
1258,15:35:56,0,1,2,3,4
1259,15:35:56,0,1,2,3,4
1260,15:35:56,0,1,2,3,4
1261,15:35:56,0,1,2,3,4
1262,15:35:56,0,1,2,3,4
1263,15:35:56,0,1,2,3,4
1264,15:35:56,0,1,2,3,4
1265,15:35:56,0,1,2,3,4
1266,15:35:56,0,1,2,3,4
1267,15:35:56,0,1,2,3,4
1268,15:35:56,0,1,2,3,4
1269,15:35:56,0,1,2,3,4
1270,15:35:56,0,1,2,3,4
1271,15:35:56,0,1,2,3,4
1272,15:35:56,0,1,2,3,4
1273,15:35:57,0,1,2,3,4
1274,15:35:57,0,1,2,3,4
1275,15:35:57,0,1,2,3,4
1276,15:35:57,0,1,2,3,4
1277,15:35:57,0,1,2,3,4
1278,15:35:57,0,1,2,3,4
1279,15:35:57,0,1,2,3,4
1280,15:35:57,0,1,2,3,4
1281,15:35:57,0,1,2,3,4
1282,15:35:57,0,1,2,3,4
1283,15:35:57,0,1,2,3,4
1284,15:35:57,0,1,2,3,4
1285,15:35:57,0,1,2,3,4
1286,15:35:57,0,1,2,3,4
1287,15:35:57,0,1,2,3,4
1288,15:35:57,0,1,2,3,4
1289,15:35:57,0,1,2,3,4
1290,15:35:57,0,1,2,3,4
1291,15:35:57,0,1,2,3,4
1292,15:35:57,0,1,2,3,4
1293,15:35:57,0,1,2,3,4
1294,15:35:58,0,1,2,3,4
1295,15:35:58,0,1,2,3,4
1296,15:35:58,0,1,2,3,4
1297,15:35:58,0,1,2,3,4
1298,15:35:58,0,1,2,3,4
1299,15:35:58,0,1,2,3,4
1300,15:35:58,0,1,2,3,4
1301,15:35:58,0,1,2,3,4
1302,15:35:58,0,1,2,3,4
1303,15:35:58,0,1,2,3,4
1304,15:35:58,0,1,2,3,4
1305,15:35:58,0,1,2,3,4
1306,15:35:58,0,1,2,3,4
1307,15:35:58,0,1,2,3,4
1308,15:35:58,0,1,2,3,4
1309,15:35:58,0,1,2,3,4
1310,15:35:58,0,1,2,3,4
1311,15:35:58,0,1,2,3,4
1312,15:35:58,0,1,2,3,4
1313,15:35:58,0,1,2,3,4
1314,15:35:58,0,1,2,3,4
1315,15:35:59,0,1,2,3,4
1316,15:35:59,0,1,2,3,4
1317,15:35:59,0,1,2,3,4
1318,15:35:59,0,1,2,3,4
1319,15:35:59,0,1,2,3,4
1320,15:35:59,0,1,2,3,4
1321,15:35:59,0,1,2,3,4
1322,15:35:59,0,1,2,3,4
1323,15:35:59,0,1,2,3,4
1324,15:35:59,0,1,2,3,4
1325,15:35:59,0,1,2,3,4
1326,15:35:59,0,1,2,3,4
1327,15:35:59,0,1,2,3,4
1328,15:35:59,0,1,2,3,4
1329,15:35:59,0,1,2,3,4
1330,15:35:59,0,1,2,3,4
1331,15:35:59,0,1,2,3,4
1332,15:35:59,0,1,2,3,4
1333,15:35:59,0,1,2,3,4
1334,15:35:59,0,1,2,3,4
1335,15:35:59,0,1,2,3,4
1336,15:36:00,0,1,2,3,4
1337,15:36:00,0,1,2,3,4
1338,15:36:00,0,1,2,3,4
1339,15:36:00,0,1,2,3,4
1340,15:36:00,0,1,2,3,4
1341,15:36:00,0,1,2,3,4
1342,15:36:00,0,1,2,3,4
1343,15:36:00,0,1,2,3,4
1344,15:36:00,0,1,2,3,4
1345,15:36:00,0,1,2,3,4
1346,15:36:00,0,1,2,3,4
1347,15:36:00,0,1,2,3,4
1348,15:36:00,0,1,2,3,4
1349,15:36:00,0,1,2,3,4
1350,15:36:00,0,1,2,3,4
1351,15:36:00,0,1,2,3,4
1352,15:36:00,0,1,2,3,4
1353,15:36:00,0,1,2,3,4
1354,15:36:00,0,1,2,3,4
1355,15:36:00,0,1,2,3,4
1356,15:36:00,0,1,2,3,4
1357,15:36:01,0,1,2,3,4
1358,15:36:01,0,1,2,3,4
1359,15:36:01,0,1,2,3,4
1360,15:36:01,0,1,2,3,4
1361,15:36:01,0,1,2,3,4
1362,15:36:01,0,1,2,3,4
1363,15:36:01,0,1,2,3,4
1364,15:36:01,0,1,2,3,4
1365,15:36:01,0,1,2,3,4
1366,15:36:01,0,1,2,3,4
1367,15:36:01,0,1,2,3,4
1368,15:36:01,0,1,2,3,4
1369,15:36:01,0,1,2,3,4
1370,15:36:01,0,1,2,3,4
1371,15:36:01,0,1,2,3,4
1372,15:36:01,0,1,2,3,4
1373,15:36:01,0,1,2,3,4
1374,15:36:01,0,1,2,3,4
1375,15:36:01,0,1,2,3,4
1376,15:36:01,0,1,2,3,4
1377,15:36:01,0,1,2,3,4
1378,15:36:02,0,1,2,3,4
1379,15:36:02,0,1,2,3,4
1380,15:36:02,0,1,2,3,4
1381,15:36:02,0,1,2,3,4
1382,15:36:02,0,1,2,3,4
1383,15:36:02,0,1,2,3,4
